{"iter": 8000, "train/loss": 0.48500001430511475, "val/loss": 1.8302863836288452, "lr": 0.0001, "mfu": 3.2355522184814656, "_timestamp": 1697634437.8705657, "_runtime": 1331.750717639923, "_step": 32, "_wandb": {"runtime": 1338}}